{"manufacturer": {"I_nom": 2000, "P_mec_nom": 100000.0, "P_s_nom": 2294620.9098672485, "rend": 0.043580183362743496, "pf": 0.96, "U_nom": 690.0, "R_s": 3.31, "L_d": 30300.0, "L_q": 109000.0}}